Fund Name,P1,P2,P3,P4,P5,Topsis Score,Rank
M1,0.89,0.79,3.1,67.0,17.95,62.3616616009664,2
M2,0.61,0.37,3.1,67.0,17.77,46.76636909331029,4
M3,0.93,0.86,4.0,62.9,17.17,68.9341780281935,1
M4,0.68,0.46,6.7,39.9,11.94,44.77898394428088,5
M5,0.61,0.37,6.7,31.2,9.72,36.52211484193998,8
M6,0.93,0.86,3.1,31.2,9.02,40.65989877249797,6
M7,0.93,0.86,4.0,39.9,11.42,49.434054028097194,3
M8,0.68,0.46,6.7,31.2,9.76,39.05272090016593,7
