,Fund Name,P1,P2,P3,P4,P5,Topsis Score,Rank
0,M1,0.39581756599681583,0.41988619336549465,0.22171154735416698,0.4855741818990976,0.46708367222784497,0.9242166401874434,1
1,M2,0.2712906913011884,0.19665555891801648,0.22171154735416698,0.4855741818990976,0.4623998248183178,0.5919765139546582,3
2,M3,0.41360711952476265,0.45709129910674096,0.2860794159408606,0.45585994091721255,0.4467870001198941,0.8649648029692991,2
3,M4,0.3024224099750953,0.24449069487104752,0.47918302170094157,0.2891702963846865,0.3106952114986334,0.2087413762805268,6
4,M5,0.2712906913011884,0.19665555891801648,0.47918302170094157,0.2261181264962962,0.2529277601144654,0.03401679116322278,8
5,M6,0.41360711952476265,0.45709129910674096,0.22171154735416698,0.2261181264962962,0.23471279796630426,0.5300870731901458,5
6,M7,0.41360711952476265,0.45709129910674096,0.2860794159408606,0.2891702963846865,0.29716409675999944,0.5770356847002294,4
7,M8,0.3024224099750953,0.24449069487104752,0.47918302170094157,0.2261181264962962,0.25396861509436025,0.11019056731948836,7
